{
    "accuracy": 0.8938938938938938,
    "f1_weighted": 0.893287727050161,
    "f1_macro": 0.8852595267212658,
    "precision_macro": 0.8851414573248183,
    "recall_macro": 0.8935258877832077,
    "f1_class_-1": 0.9169533169533169,
    "precision_class_-1": 0.9292828685258964,
    "recall_class_-1": 0.9049466537342385,
    "f1_class_0": 0.8924302788844621,
    "precision_class_0": 0.8160291438979964,
    "recall_class_0": 0.9846153846153847,
    "f1_class_1": 0.8463949843260188,
    "precision_class_1": 0.9101123595505618,
    "recall_class_1": 0.791015625
}